{
	"name": "cs128",
	"image": "michaelrnowak/cpp-dev-container:dev",
  //"image": "cs128dev",
	"settings": {
		"terminal.integrated.shell.linux": "/bin/bash"
	},
	"extensions": [
		"ms-vscode.cpptools",
		"cs128.cs128-clang-tidy",
		"xaver.clang-format",
		"cs128.lldb-debugger-args-escape-tool"
	],
	"runArgs": [
		"--cap-add=SYS_PTRACE",
		"--security-opt",
		"seccomp=unconfined",
		"--rm"
	]
	// Use 'forwardPorts' to make a list of ports inside the container available locally.
	// "forwardPorts": [],
	// Use 'postCreateCommand' to run commands after the container is created.
	// "postCreateCommand": "gcc -v",
	// Uncomment to connect as a non-root user. See https://aka.ms/vscode-remote/containers/non-root.
	// "remoteUser": "vscode"
}